Position,Company,Worktime,Location,URL
프론트엔드(Front-end) 개발자님 정중히 (react-native),위솝,Full-Time,서울 마포구,https://kr.indeed.com/rc/clk?jk=b226536a79e18737&fccid=17a370bb75419be0&vjs=3
프론트엔드 엔지니어 (React),페이히어,Full-Time,서울 강남구,https://kr.indeed.com/rc/clk?jk=3c8983ad97c9ba45&fccid=254f50a1adb01cad&vjs=3
프론트엔드 신입 / 경력 개발자,와이즈텍,Full-Time,서울 용산구,https://kr.indeed.com/rc/clk?jk=ea99143338a319b7&fccid=8b01882cef0e8002&vjs=3
프론트엔드 개발자 (React),큐피스트,Full-Time,서울 강남구,https://kr.indeed.com/rc/clk?jk=4cdb156175a71107&fccid=0c86c298082d67d3&vjs=3
[보충역] 웹 서비스 개발자,엠에이치엔씨티,Full-Time,서울 성동구,https://kr.indeed.com/rc/clk?jk=9c17de7acd730754&fccid=fe074a6c94d8a440&vjs=3
[인공지능기업] 머신러닝 병역특례 전문연구요원,딥브레인에이아이,Full-Time,서울,https://kr.indeed.com/rc/clk?jk=28cb699ec609130e&fccid=302172cb32d33ddc&vjs=3
프론트엔드(Frontend) 신입/경력,엘핀,Full-Time,서울 강서구,https://kr.indeed.com/rc/clk?jk=db4b5b16c6003568&fccid=0d4933228f277684&vjs=3
시니어 프론트엔드 엔지니어 (React),페이히어,Full-Time,서울 강남구,https://kr.indeed.com/rc/clk?jk=743cb8bfd38c15fe&fccid=254f50a1adb01cad&vjs=3
프론트엔드(Web) 개발 인재 구해요 (연차 무관),루머,Full-Time,서울 마포구,https://kr.indeed.com/rc/clk?jk=019206d5220fee2b&fccid=48b49601f87dbffa&vjs=3
JR0192526 SW engineer intern,인텔코리아,Full-Time,서울,https://kr.indeed.com/rc/clk?jk=83f4939522ffaa68&fccid=ded06d6a6799d929&vjs=3
.NET  C#  React  프론트엔드  백엔드 신입/경력 정규직,디포커스,Full-Time,서울 성동구,https://kr.indeed.com/rc/clk?jk=d32c39cd2f3c0f33&fccid=94cb52fcbb33911f&vjs=3
[글로벌 핀테크 기업] 프론트엔드 개발자,마이더스에이치알,Full-Time,서울 강남구,https://kr.indeed.com/rc/clk?jk=46b5e9bf40e4261b&fccid=a41b5ef1ae194868&vjs=3
[인공지능기업] Front-End  HTML  CSS,딥브레인에이아이,Full-Time,서울,https://kr.indeed.com/rc/clk?jk=655b7360721ec6a7&fccid=302172cb32d33ddc&vjs=3
지식 콘텐츠 전문 기업 (매출 135억) 프론트엔드 개발자 경력,인파트너스,Full-Time,서울 마포구,https://kr.indeed.com/rc/clk?jk=8d5ea580c88a6ca7&fccid=e65c7a7fd4f89d1c&vjs=3
[디지털일자리매칭플랫폼] [정규직]프론트엔드(react)개발 3년이상 경력자,드제이,Full-Time,서울,https://kr.indeed.com/rc/clk?jk=da286e28869e90dc&fccid=d3fff3b4f6c2ee77&vjs=3
지식 콘텐츠 전문 기업 (매출 135억) 프론트엔드 개발자 경력,인파트너스,Full-Time,서울 마포구,https://kr.indeed.com/rc/clk?jk=8d5ea580c88a6ca7&fccid=e65c7a7fd4f89d1c&vjs=3
[신입/경력] 프론트엔드 개발 (html외2 부문 정규직 모집,(주)원더온 관심기업,Full-Time,서울 성수동1가,https://kr.indeed.com/rc/clk?jk=56e6e827298d33b6&fccid=62a316a4088ad7de&vjs=3
대기업 IT계열사의 WCS시스템운영개발,인오더,Full-Time,서울 용산구,https://kr.indeed.com/rc/clk?jk=4a32d2e9d28f528f&fccid=cfeec92d29387697&vjs=3
[신입/경력] 백앤드/프론트앤드 개발자,포에스텍,Full-Time,서울 성동구,https://kr.indeed.com/rc/clk?jk=0c6d2dbaa9d96000&fccid=3476005418c1964d&vjs=3
플랫폼 프론트엔드 개발자 (React)를 모십니다.,(주)휴톰 관심기업,Full-Time,서울 대흥동,https://kr.indeed.com/rc/clk?jk=68fa2e8f6b62e92a&fccid=667cf6cbd3cba549&vjs=3
[주식회사 비브이씨] 프론트엔드 개발자,비브이씨,Full-Time,서울 마포구,https://kr.indeed.com/rc/clk?jk=1992a026c606471f&fccid=1897be4b0dd0ade1&vjs=3
프론트엔드 경력,패니지먼트,Full-Time,서울 영등포구,https://kr.indeed.com/rc/clk?jk=b57f4e7fa906924b&fccid=57a285d42cb9c379&vjs=3
[(주)이음솔루션] React 프로그램 개발자,이음솔루션,Full-Time,서울 구로구,https://kr.indeed.com/rc/clk?jk=02c83e08dddbdb02&fccid=dee5e255f3dd21a0&vjs=3
Publisher(퍼블리셔) 영입,핀크,Full-Time,서울 중구,https://kr.indeed.com/rc/clk?jk=886902ec00ca05fa&fccid=1454b55460a78093&vjs=3
디지털전략실 웹개발자 모집,한독약품,Full-Time,서울 강남구,https://kr.indeed.com/rc/clk?jk=137c4d408304252a&fccid=54ca6f8359d6e548&vjs=3
국내 대기업 계열사 - 퍼블리셔(대리과장급),라피플코리아리미티드,Full-Time,서울,https://kr.indeed.com/rc/clk?jk=a4880e1288c2a126&fccid=28f5722fca6f5b12&vjs=3
Senior Backend Engineer,Remote Technology  Inc.,Full-Time,서울,https://kr.indeed.com/rc/clk?jk=eb18428a533f0eb3&fccid=55bfdb22b1429971&vjs=3
[인공지능기업] 병역특례 산업기능요원 (SW개발자),딥브레인에이아이,Full-Time,서울,https://kr.indeed.com/rc/clk?jk=d3a6ba916d772b85&fccid=302172cb32d33ddc&vjs=3
마이데이터 핀테크 스타트업 앱개발(IOS),경연파트너스,Full-Time,서울,https://kr.indeed.com/rc/clk?jk=d3297b1b93553ff0&fccid=0f76eb1d9acd6c10&vjs=3
프론트엔드/백엔드 개발 직원 의 건,비즈코웍,Full-Time,서울 서초구,https://kr.indeed.com/rc/clk?jk=2f64f69afe83a16e&fccid=3b5af77baa8b0a70&vjs=3
자사 솔루션 웹 프론트엔드 개발 자 (신입/경력),엔에스원소프트,Full-Time,서울 강남구,https://kr.indeed.com/rc/clk?jk=66a95d19c2a0dfa6&fccid=4cb5f3678194f0b7&vjs=3
IT 신입직원 채용,신한신용정보,Full-Time,서울 문래동3가,https://kr.indeed.com/rc/clk?jk=412820602ac00d0d&fccid=8cb5f7a2bfbee8a4&vjs=3
Front-End Developer,디자인피버,Full-Time,서울 마포구,https://kr.indeed.com/rc/clk?jk=991e59ba11d21d37&fccid=7c7d217ff9e9275f&vjs=3
css  웹퍼블리셔(HTML코딩) 외 경력 정규직,에이피서비스,Full-Time,서울 강남구,https://kr.indeed.com/rc/clk?jk=2dbe4c7e2066d839&fccid=561d63cf81871305&vjs=3
Software Engineer (Frontend),Presto,Full-Time,서울,https://kr.indeed.com/rc/clk?jk=c7a0e95d4480aa4c&fccid=37b31c805f66f58e&vjs=3
[기업부설 연구소] 웹 프론트엔드 개발자,아론티어,Full-Time,서울 서초구,https://kr.indeed.com/rc/clk?jk=d6dcfed0ea2f2428&fccid=f7ee2929fe1b59a8&vjs=3
웹서비스 개발자 (프론트엔드  JSP/Java  React  Figma  Spring 등)(서울근무),딥인스펙션,Full-Time,서울 송파구,https://kr.indeed.com/rc/clk?jk=78728e37f1377003&fccid=c5de7e4571bb1a5a&vjs=3
React native Engineer(Front-end),워시스왓,Full-Time,서울 금천구,https://kr.indeed.com/rc/clk?jk=4de57fdb0bf06722&fccid=d168e251dccbad8d&vjs=3
IT 개발팀: 프론트 개발,와이지플러스,Full-Time,서울 영등포구,https://kr.indeed.com/rc/clk?jk=9220ebcede0e266e&fccid=8325a7a2f1ffeb5c&vjs=3
이엠시티와 함께 글로벌 시장에 도전할 개발자,이엠시티,Full-Time,서울 영등포구,https://kr.indeed.com/rc/clk?jk=ae2e7d32073a3238&fccid=a4e6e58965743113&vjs=3
국내 대기업 계열사 - 웹퍼블리셔(대리과장급),라피플코리아리미티드,Full-Time,서울,https://kr.indeed.com/rc/clk?jk=a3c18f21582ed2b4&fccid=28f5722fca6f5b12&vjs=3
Information Technology Officer,VA Global LLC,Full-Time,인천,https://kr.indeed.com/company/VA-Global-LLC/jobs/Information-Technology-Specialist-a3f507258fc25661?fccid=32d4f66d82b9775d&vjs=3
피앤피시큐어 Office 개발자 (Front-End / Back-End),피앤피시큐어,Full-Time,서울 강서구,https://kr.indeed.com/rc/clk?jk=e6442fea93155008&fccid=5ee32b004f4fa607&vjs=3
[NHN Cloud] 웹 프론트엔드 개발,엔에이치엔클라우드,Full-Time,성남 분당구,https://kr.indeed.com/rc/clk?jk=40b2a7e3accd0724&fccid=541d24c36c844d01&vjs=3
[라이브본부] 게임웹 서비스 UI 개발자 (프론트엔드),Nexon,Full-Time,경기도 성남,https://kr.indeed.com/rc/clk?jk=891024a7a224522a&fccid=aba87288e4cc3687&vjs=3
Frontend 개발자,플리토,Full-Time,서울 강남구,https://kr.indeed.com/rc/clk?jk=cb85566aedd4d1cf&fccid=01aed038bcce2a5f&vjs=3
(경력) 정규직 C# 가능한 개발자,아이에스오에스컨설팅,Full-Time,서울 금천구,https://kr.indeed.com/rc/clk?jk=60ae3f3b2affabb3&fccid=52c348f9323c4326&vjs=3
프론트엔드 / 앱 개발자,프리시젼바이오㈜,Full-Time,서울 서초구,https://kr.indeed.com/rc/clk?jk=e7fddd88d927c86b&fccid=9cb2e00a46fd0c2e&vjs=3
프론트엔드 개발자 채용,통로,Full-Time,서울,https://kr.indeed.com/rc/clk?jk=a785b72a5175eecc&fccid=0be70316bf633763&vjs=3
(주)푸른새벽 웹/앱 프로그래머 팀원,푸른새벽,Full-Time,서울 영등포구,https://kr.indeed.com/rc/clk?jk=a14fe79cc82d9033&fccid=da308bf6bedd9bf5&vjs=3
[] React Native 개발자 (경력),인프랩,Full-Time,성남 분당구,https://kr.indeed.com/rc/clk?jk=875a4a58ef004c5a&fccid=7b68e3f0c2e83d05&vjs=3
React-Native 모바일앱 개발,해커스,Full-Time,서울 강남구,https://kr.indeed.com/rc/clk?jk=653af1d551e1ebd4&fccid=9fcc8dc27a170fd3&vjs=3
Web Frontend Engineer (Hakuna),Match Group,Full-Time,서울,https://kr.indeed.com/rc/clk?jk=c79e86de18a84b01&fccid=47feb0effe4ed4f2&vjs=3
React Native 개발자 채용,에임메드 관심기업,Full-Time,서울 신사동,https://kr.indeed.com/rc/clk?jk=1bbff88c5ff1a078&fccid=550acac7e1dd0333&vjs=3
[보안 솔루션] Front / Back End 개발 신입/경력 정규직  계약직  병역특례,인더포레스트,Full-Time,서울 강남구,https://kr.indeed.com/rc/clk?jk=2164adcdb3928d87&fccid=ce9fe2ef8b14b631&vjs=3
App Engineer (React Native  차량 구독 서비스),포티투닷,Full-Time,서울 강남구,https://kr.indeed.com/rc/clk?jk=41a7f5ba039e8ae7&fccid=52e84b216bdd9f11&vjs=3
웹개발  ASP 외 신입/경력,메디팜소프트,Full-Time,서울 송파구,https://kr.indeed.com/rc/clk?jk=0ea772b05af1bf8d&fccid=96ae66452e004c87&vjs=3
PM  JAVA 외 신입/경력,에이블스토어,Full-Time,서울 영등포구,https://kr.indeed.com/rc/clk?jk=660c099577411cda&fccid=99beb1e8af7ed1d8&vjs=3
[ICT] Frontend Developer[매니저(G2)  책임매니저(G3)],현대자동차그룹,Full-Time,서울 양재역,https://kr.indeed.com/rc/clk?jk=ad22068e94a52e63&fccid=980d6ecc399a3373&vjs=3
Web Frontend Developer,빙글,Full-Time,서울 서초구,https://kr.indeed.com/rc/clk?jk=0c115faca3e6dcd0&fccid=58664998b168e14f&vjs=3
React Native/React.js 개발자,에이치랩,Full-Time,서울 금천구,https://kr.indeed.com/rc/clk?jk=d89bee33eb6a66b7&fccid=8aeaaa8ca6867ca8&vjs=3
국내 대기업 - Web frontend 개발 경력자,라피플코리아리미티드,Full-Time,서울,https://kr.indeed.com/rc/clk?jk=1f08ce671e4cb41e&fccid=28f5722fca6f5b12&vjs=3
[SDV] Frontend Engineer for Mobility[연구원  책임연구원],현대자동차그룹,Full-Time,서울 강남구,https://kr.indeed.com/rc/clk?jk=4596fb436d4eb38d&fccid=980d6ecc399a3373&vjs=3
웹개발  프론트엔드 외 신입/경력 정규직,아트맵,Full-Time,대구 북구,https://kr.indeed.com/rc/clk?jk=c7bfe01c5679b8c8&fccid=d66b60a88c4cdb83&vjs=3
웹개발자(Java React  Vue  api)  포항 광양 근무가능,네이처아이,Full-Time,포항 남구,https://kr.indeed.com/rc/clk?jk=fdabd9a6198d9699&fccid=4a45c004143471f1&vjs=3
자바 웹 개발자,옷딜,Full-Time,서울 강남구,https://kr.indeed.com/rc/clk?jk=706e8eb7a749ff2c&fccid=d088ade8797044d2&vjs=3
Web Frontend Engineer (Azar),Match Group,Full-Time,서울,https://kr.indeed.com/rc/clk?jk=03dd0ddc439e8efe&fccid=47feb0effe4ed4f2&vjs=3
프론트엔드 웹 개발자,어밸브,Full-Time,서울 서초구,https://kr.indeed.com/rc/clk?jk=4b2477e0be648bb5&fccid=90e59c5d7146f2da&vjs=3
Web 개발자 (프론트엔드/백엔드),안랩,Full-Time,성남 분당구,https://kr.indeed.com/rc/clk?jk=9c4857b702c2859c&fccid=0b88b2af6686dd2b&vjs=3
[L'oreal Korea] YSL - Retail & Education Manager,L'Oreal,Full-Time,서울,https://kr.indeed.com/rc/clk?jk=0f988776cff4a9e4&fccid=ec8a0bd60be9a6f5&vjs=3
Javascript 기반 웹 강사,에스지인스티튜트,Full-Time,서울 강남구,https://kr.indeed.com/rc/clk?jk=53de1285946569d0&fccid=d434da0dfecddb60&vjs=3
Developer / Designer recruit,마이뮤직테이스트,Full-Time,서울 논현동,https://kr.indeed.com/rc/clk?jk=55a19c92c845685e&fccid=74d05cee5b52f133&vjs=3
미리캔버스 프론트엔드 개발자,미리디,Full-Time,서울 구로구,https://kr.indeed.com/rc/clk?jk=a41df86fe7aca610&fccid=4cb72ca574a6bab7&vjs=3
윈도우 응용 프로그램 / Smart Factory 솔루션 개발,인터켐코리아,Full-Time,서울,https://kr.indeed.com/rc/clk?jk=2ce95c0462454602&fccid=c2bc6f4ddf18c91a&vjs=3
Web 프론트엔드 개발자,안랩,Full-Time,성남 분당구,https://kr.indeed.com/rc/clk?jk=33aa71377ca91560&fccid=0b88b2af6686dd2b&vjs=3
Senior Open Source Developer & DevOps (Python  Django  React  AWS/OpenStack),OpenCraft,Full-Time,Anywhere in the World,https://weworkremotely.com/remote-jobs/opencraft-senior-open-source-developer-devops-python-django-react-aws-openstack
Senior React Engineer (+Node),Whitespectre,Full-Time,Anywhere in the World,https://weworkremotely.com/remote-jobs/whitespectre-senior-react-engineer-node
Senior Full Stack Engineer (React),TYB (Try Your Best),Full-Time,Americas Only/EMEA Only,https://weworkremotely.com/remote-jobs/tyb-try-your-best-senior-full-stack-engineer-react
React/node Fullstack Developer,CloudDevs,Full-Time,Latin America Only,https://weworkremotely.com/remote-jobs/clouddevs-react-node-fullstack-developer-1
Senior or Staff Frontend Engineer - React (100% Remote),Close,Full-Time,USA Only,https://weworkremotely.com/remote-jobs/close-senior-or-staff-frontend-engineer-react-100-remote-5
